{
  "OpenStudio Results": {
    "units": "IP",
    "building_summary_section": true,
    "annual_overview_section": true,
    "monthly_overview_section": true,
    "utility_bills_rates_section": true,
    "envelope_section_section": true,
    "space_type_breakdown_section": true,
    "space_type_details_section": true,
    "interior_lighting_section": true,
    "plug_loads_section": true,
    "exterior_light_section": true,
    "water_use_section": true,
    "hvac_load_profile": true,
    "zone_condition_section": true,
    "zone_summary_section": true,
    "zone_equipment_detail_section": true,
    "air_loops_detail_section": true,
    "plant_loops_detail_section": true,
    "outdoor_air_section": true,
    "cost_summary_section": true,
    "source_energy_section": true,
    "schedules_overview_section": true,
    "measure_warning_section": true,
    "reg_monthly_details": false,
    "standards_gem_version": "0.8.2",
    "workflow_gem_version": "2.5.0",
    "building_name": "n/a",
    "total_site_energy": 199458.63479873448,
    "net_site_energy": 199458.63479873448,
    "total_building_area": 5502.080448605342,
    "total_site_eui": 36.25149371439906,
    "eui": 36.25149371439906,
    "unmet_hours_during_heating": 0.33,
    "unmet_hours_during_cooling": 267.17,
    "unmet_hours_during_occupied_heating": 0.33,
    "unmet_hours_during_occupied_cooling": 267.17,
    "unmet_hours_tolerance_heating": 0.36,
    "unmet_hours_tolerance_cooling": 0.36,
    "end_use_heating": 6587.328986177556,
    "end_use_cooling": 49059.0141474173,
    "end_use_interior_lighting": 24453.681704083585,
    "end_use_exterior_lighting": 6634.719842193221,
    "end_use_interior_equipment": 46698.94951783714,
    "end_use_exterior_equipment": 0.0,
    "end_use_fans": 14681.687193653284,
    "end_use_pumps": 25960.71092538176,
    "end_use_heat_rejection": 3070.927469815148,
    "end_use_humidification": 0.0,
    "end_use_heat_recovery": 0.0,
    "end_use_water_systems": 22321.093183378624,
    "end_use_refrigeration": 0.0,
    "end_use_generators": 0.0,
    "fuel_electricity": 192871.30581255694,
    "fuel_natural_gas": 6587.328986177556,
    "fuel_gasoline": 0.0,
    "fuel_diesel": 0.0,
    "fuel_coal": 0.0,
    "fuel_fuel_oil_no_1": 0.0,
    "fuel_fuel_oil_no_2": 0.0,
    "fuel_propane": 0.0,
    "fuel_other_fuel_1": 0.0,
    "fuel_other_fuel_2": 0.0,
    "fuel_district_cooling": 0.0,
    "fuel_district_heating_water": 0.0,
    "fuel_district_heating_steam": 0.0,
    "end_use_electricity_heating": 0.0,
    "end_use_electricity_cooling": 14377.77777777778,
    "end_use_electricity_interior_lighting": 7166.666666666667,
    "end_use_electricity_exterior_lighting": 1944.4444444444446,
    "end_use_electricity_interior_equipment": 13686.111111111113,
    "end_use_electricity_exterior_equipment": 0.0,
    "end_use_electricity_fans": 4302.777777777778,
    "end_use_electricity_pumps": 7608.333333333333,
    "end_use_electricity_heat_rejection": 900.0,
    "end_use_electricity_humidification": 0.0,
    "end_use_electricity_heat_recovery": 0.0,
    "end_use_electricity_water_systems": 6541.666666666667,
    "end_use_electricity_refrigeration": 0.0,
    "end_use_electricity_generators": 0.0,
    "end_use_natural_gas_heating": 65.87328986177555,
    "end_use_natural_gas_cooling": 0.0,
    "end_use_natural_gas_interior_lighting": 0.0,
    "end_use_natural_gas_exterior_lighting": 0.0,
    "end_use_natural_gas_interior_equipment": 0.0,
    "end_use_natural_gas_exterior_equipment": 0.0,
    "end_use_natural_gas_fans": 0.0,
    "end_use_natural_gas_pumps": 0.0,
    "end_use_natural_gas_heat_rejection": 0.0,
    "end_use_natural_gas_humidification": 0.0,
    "end_use_natural_gas_heat_recovery": 0.0,
    "end_use_natural_gas_water_systems": 0.0,
    "end_use_natural_gas_refrigeration": 0.0,
    "end_use_natural_gas_generators": 0.0,
    "electricity_heating_ip": 0.0,
    "electricity_cooling_ip": 14377.738888888889,
    "electricity_interior_lighting_ip": 7165.886111111111,
    "electricity_exterior_lighting_ip": 1943.9544444444446,
    "electricity_interior_equipment_ip": 13686.041666666666,
    "electricity_exterior_equipment_ip": 0.0,
    "electricity_fans_ip": 4303.718333333333,
    "electricity_pumps_ip": 7606.983333333334,
    "electricity_heat_rejection_ip": 899.7907420833334,
    "electricity_humidification_ip": 0.0,
    "electricity_heat_recovery_ip": 0.0,
    "electricity_water_systems_ip": 6541.794444444444,
    "electricity_refrigeration_ip": 0.0,
    "electricity_generators_ip": 0.0,
    "electricity_ip": 56525.90796430556,
    "natural_gas_heating_ip": 6.584552903818762,
    "natural_gas_cooling_ip": 0.0,
    "natural_gas_interior_lighting_ip": 0.0,
    "natural_gas_exterior_lighting_ip": 0.0,
    "natural_gas_interior_equipment_ip": 0.0,
    "natural_gas_exterior_equipment_ip": 0.0,
    "natural_gas_fans_ip": 0.0,
    "natural_gas_pumps_ip": 0.0,
    "natural_gas_heat_rejection_ip": 0.0,
    "natural_gas_humidification_ip": 0.0,
    "natural_gas_heat_recovery_ip": 0.0,
    "natural_gas_water_systems_ip": 0.0,
    "natural_gas_refrigeration_ip": 0.0,
    "natural_gas_generators_ip": 0.0,
    "natural_gas_ip": 6.584552903818762,
    "gasoline_heating_ip": 0.0,
    "gasoline_cooling_ip": 0.0,
    "gasoline_interior_lighting_ip": 0.0,
    "gasoline_exterior_lighting_ip": 0.0,
    "gasoline_interior_equipment_ip": 0.0,
    "gasoline_exterior_equipment_ip": 0.0,
    "gasoline_fans_ip": 0.0,
    "gasoline_pumps_ip": 0.0,
    "gasoline_heat_rejection_ip": 0.0,
    "gasoline_humidification_ip": 0.0,
    "gasoline_heat_recovery_ip": 0.0,
    "gasoline_water_systems_ip": 0.0,
    "gasoline_refrigeration_ip": 0.0,
    "gasoline_generators_ip": 0.0,
    "gasoline_ip": 0.0,
    "diesel_heating_ip": 0.0,
    "diesel_cooling_ip": 0.0,
    "diesel_interior_lighting_ip": 0.0,
    "diesel_exterior_lighting_ip": 0.0,
    "diesel_interior_equipment_ip": 0.0,
    "diesel_exterior_equipment_ip": 0.0,
    "diesel_fans_ip": 0.0,
    "diesel_pumps_ip": 0.0,
    "diesel_heat_rejection_ip": 0.0,
    "diesel_humidification_ip": 0.0,
    "diesel_heat_recovery_ip": 0.0,
    "diesel_water_systems_ip": 0.0,
    "diesel_refrigeration_ip": 0.0,
    "diesel_generators_ip": 0.0,
    "diesel_ip": 0.0,
    "coal_heating_ip": 0.0,
    "coal_cooling_ip": 0.0,
    "coal_interior_lighting_ip": 0.0,
    "coal_exterior_lighting_ip": 0.0,
    "coal_interior_equipment_ip": 0.0,
    "coal_exterior_equipment_ip": 0.0,
    "coal_fans_ip": 0.0,
    "coal_pumps_ip": 0.0,
    "coal_heat_rejection_ip": 0.0,
    "coal_humidification_ip": 0.0,
    "coal_heat_recovery_ip": 0.0,
    "coal_water_systems_ip": 0.0,
    "coal_refrigeration_ip": 0.0,
    "coal_generators_ip": 0.0,
    "coal_ip": 0.0,
    "fuel_oil_no_1_heating_ip": 0.0,
    "fuel_oil_no_1_cooling_ip": 0.0,
    "fuel_oil_no_1_interior_lighting_ip": 0.0,
    "fuel_oil_no_1_exterior_lighting_ip": 0.0,
    "fuel_oil_no_1_interior_equipment_ip": 0.0,
    "fuel_oil_no_1_exterior_equipment_ip": 0.0,
    "fuel_oil_no_1_fans_ip": 0.0,
    "fuel_oil_no_1_pumps_ip": 0.0,
    "fuel_oil_no_1_heat_rejection_ip": 0.0,
    "fuel_oil_no_1_humidification_ip": 0.0,
    "fuel_oil_no_1_heat_recovery_ip": 0.0,
    "fuel_oil_no_1_water_systems_ip": 0.0,
    "fuel_oil_no_1_refrigeration_ip": 0.0,
    "fuel_oil_no_1_generators_ip": 0.0,
    "fuel_oil_no_1_ip": 0.0,
    "fuel_oil_no_2_heating_ip": 0.0,
    "fuel_oil_no_2_cooling_ip": 0.0,
    "fuel_oil_no_2_interior_lighting_ip": 0.0,
    "fuel_oil_no_2_exterior_lighting_ip": 0.0,
    "fuel_oil_no_2_interior_equipment_ip": 0.0,
    "fuel_oil_no_2_exterior_equipment_ip": 0.0,
    "fuel_oil_no_2_fans_ip": 0.0,
    "fuel_oil_no_2_pumps_ip": 0.0,
    "fuel_oil_no_2_heat_rejection_ip": 0.0,
    "fuel_oil_no_2_humidification_ip": 0.0,
    "fuel_oil_no_2_heat_recovery_ip": 0.0,
    "fuel_oil_no_2_water_systems_ip": 0.0,
    "fuel_oil_no_2_refrigeration_ip": 0.0,
    "fuel_oil_no_2_generators_ip": 0.0,
    "fuel_oil_no_2_ip": 0.0,
    "propane_heating_ip": 0.0,
    "propane_cooling_ip": 0.0,
    "propane_interior_lighting_ip": 0.0,
    "propane_exterior_lighting_ip": 0.0,
    "propane_interior_equipment_ip": 0.0,
    "propane_exterior_equipment_ip": 0.0,
    "propane_fans_ip": 0.0,
    "propane_pumps_ip": 0.0,
    "propane_heat_rejection_ip": 0.0,
    "propane_humidification_ip": 0.0,
    "propane_heat_recovery_ip": 0.0,
    "propane_water_systems_ip": 0.0,
    "propane_refrigeration_ip": 0.0,
    "propane_generators_ip": 0.0,
    "propane_ip": 0.0,
    "other_fuel_1_heating_ip": 0.0,
    "other_fuel_1_cooling_ip": 0.0,
    "other_fuel_1_interior_lighting_ip": 0.0,
    "other_fuel_1_exterior_lighting_ip": 0.0,
    "other_fuel_1_interior_equipment_ip": 0.0,
    "other_fuel_1_exterior_equipment_ip": 0.0,
    "other_fuel_1_fans_ip": 0.0,
    "other_fuel_1_pumps_ip": 0.0,
    "other_fuel_1_heat_rejection_ip": 0.0,
    "other_fuel_1_humidification_ip": 0.0,
    "other_fuel_1_heat_recovery_ip": 0.0,
    "other_fuel_1_water_systems_ip": 0.0,
    "other_fuel_1_refrigeration_ip": 0.0,
    "other_fuel_1_generators_ip": 0.0,
    "other_fuel_1_ip": 0.0,
    "other_fuel_2_heating_ip": 0.0,
    "other_fuel_2_cooling_ip": 0.0,
    "other_fuel_2_interior_lighting_ip": 0.0,
    "other_fuel_2_exterior_lighting_ip": 0.0,
    "other_fuel_2_interior_equipment_ip": 0.0,
    "other_fuel_2_exterior_equipment_ip": 0.0,
    "other_fuel_2_fans_ip": 0.0,
    "other_fuel_2_pumps_ip": 0.0,
    "other_fuel_2_heat_rejection_ip": 0.0,
    "other_fuel_2_humidification_ip": 0.0,
    "other_fuel_2_heat_recovery_ip": 0.0,
    "other_fuel_2_water_systems_ip": 0.0,
    "other_fuel_2_refrigeration_ip": 0.0,
    "other_fuel_2_generators_ip": 0.0,
    "other_fuel_2_ip": 0.0,
    "district_cooling_heating_ip": 0.0,
    "district_cooling_cooling_ip": 0.0,
    "district_cooling_interior_lighting_ip": 0.0,
    "district_cooling_exterior_lighting_ip": 0.0,
    "district_cooling_interior_equipment_ip": 0.0,
    "district_cooling_exterior_equipment_ip": 0.0,
    "district_cooling_fans_ip": 0.0,
    "district_cooling_pumps_ip": 0.0,
    "district_cooling_heat_rejection_ip": 0.0,
    "district_cooling_humidification_ip": 0.0,
    "district_cooling_heat_recovery_ip": 0.0,
    "district_cooling_water_systems_ip": 0.0,
    "district_cooling_refrigeration_ip": 0.0,
    "district_cooling_generators_ip": 0.0,
    "district_cooling_ip": 0.0,
    "district_heating_water_heating_ip": 0.0,
    "district_heating_water_cooling_ip": 0.0,
    "district_heating_water_interior_lighting_ip": 0.0,
    "district_heating_water_exterior_lighting_ip": 0.0,
    "district_heating_water_interior_equipment_ip": 0.0,
    "district_heating_water_exterior_equipment_ip": 0.0,
    "district_heating_water_fans_ip": 0.0,
    "district_heating_water_pumps_ip": 0.0,
    "district_heating_water_heat_rejection_ip": 0.0,
    "district_heating_water_humidification_ip": 0.0,
    "district_heating_water_heat_recovery_ip": 0.0,
    "district_heating_water_water_systems_ip": 0.0,
    "district_heating_water_refrigeration_ip": 0.0,
    "district_heating_water_generators_ip": 0.0,
    "district_heating_water_ip": 0.0,
    "district_heating_steam_heating_ip": 0.0,
    "district_heating_steam_cooling_ip": 0.0,
    "district_heating_steam_interior_lighting_ip": 0.0,
    "district_heating_steam_exterior_lighting_ip": 0.0,
    "district_heating_steam_interior_equipment_ip": 0.0,
    "district_heating_steam_exterior_equipment_ip": 0.0,
    "district_heating_steam_fans_ip": 0.0,
    "district_heating_steam_pumps_ip": 0.0,
    "district_heating_steam_heat_rejection_ip": 0.0,
    "district_heating_steam_humidification_ip": 0.0,
    "district_heating_steam_heat_recovery_ip": 0.0,
    "district_heating_steam_water_systems_ip": 0.0,
    "district_heating_steam_refrigeration_ip": 0.0,
    "district_heating_steam_generators_ip": 0.0,
    "district_heating_steam_ip": 0.0,
    "typical_attic_soffit": 611.6053898774454,
    "typical_insulated_wood_framed_exterior_wall_r_11_24": 2345.7731019350927,
    "typical_uninsulated_wood_joist_attic_roof": 6445.017097178408,
    "typical_insulated_metal_door_r_2_7": 41.99999999999994,
    "u_0_45_shgc_0_25_simple_glazing": 600.3937007874015,
    "u_0_77_shgc_0_23_simple_glazing": 42.03543823754314,
    "gross_window_wall_ratio": 21.2,
    "gross_window_wall_ratio_conditioned": 21.2,
    "skylight_roof_ratio": 0.0,
    "space_type_office_attic": 0.0,
    "space_type_office_whole_building_sm_office": 5502.052462438259,
    "main_service_water_use_0_06_gpm_140_f": 0.06399999999999997,
    "zone_max_hours_over_70_rh": 2772.0,
    "zone_max_hours_over_55_rh": 4952.0,
    "num_zones_x_hours_over_70": 5,
    "num_zones_x_hours_over_55": 6,
    "inflation_approach": "Constant Dollar",
    "analysis_length": 25,
    "number_of_measures_with_warnings": 0,
    "number_warnings": 0,
    "annual_peak_electric_demand": 19.855130000000003,
    "first_year_capital_cost": 0.0,
    "annual_utility_cost": 0.0,
    "total_lifecycle_cost": 0.0,
    "applicable": true
  }
}